ewr342as4,wechat,1558430845
sd76f87d6,wechat,1558430847
3hu3k2432,alipay,1558430848
8fdsfae83,alipay,1558430850
32h3h4b4t,wechat,1558430852
766lk5nk4,wechat,1558430855
435kjb45d,alipay,1558430859
5k432k4n,wechat,1558430862
435kjb45s,wechat,1558430866
324jnd45s,wechat,1558430868
43jhin3k4,wechat,1558430871
98x0f8asd,alipay,1558430874
392094j32,wechat,1558430877
88df0wn92,alipay,1558430882
435kjb4432,alipay,1558430884
3hefw8jf,alipay,1558430885
499dfano2,wechat,1558430886
8xz09ddsaf,wechat,1558430889
3243hr9h9,wechat,1558430892
329d09f9f,alipay,1558430893
809saf0ff,wechat,1558430895
324n0239,wechat,1558430899
sad90df3,alipay,1558430901
24309dsf,alipay,1558430902
rnp435rk,wechat,1558430905
8c6vs8dd,wechat,1558430906
3245nbo7,alipay,1558430908
8x0zvy8w3,alipay,1558430911
9032n4fd2,wechat,1558430913
d8938034,wechat,1558430915
32499fd9w,alipay,1558430921
9203kmfn,alipay,1558430922
390mf2398,alipay,1558430926
902dsqw45,wechat,1558430927
84309dw31r,alipay,1558430933
sddf9809ew,alipay,1558430936
832jksmd9,wechat,1558430938
m23sare32e,wechat,1558430940
92nr903msa,wechat,1558430944
sdafen9932,alipay,1558430949